{
  "project_info": {
    "project_number": "1043009482921",
    "firebase_url": "https://student-management-syste-df4a6.firebaseio.com",
    "project_id": "student-management-syste-df4a6",
    "storage_bucket": "student-management-syste-df4a6.appspot.com"
  },
  "client": [
    {
      "client_info": {
        "mobilesdk_app_id": "1:1043009482921:android:cdf0b04cbe67003d4739b8",
        "android_client_info": {
          "package_name": "com.example.alarmmessagedatabase"
        }
      },
      "oauth_client": [
        {
          "client_id": "1043009482921-ajnm989qe76tg3nm21kfn6ln6ui57t7j.apps.googleusercontent.com",
          "client_type": 3
        }
      ],
      "api_key": [
        {
          "current_key": "AIzaSyC5sWlKMQZAvhHnAIJQIhgImqozWTECnEk"
        }
      ],
      "services": {
        "appinvite_service": {
          "other_platform_oauth_client": [
            {
              "client_id": "1043009482921-ajnm989qe76tg3nm21kfn6ln6ui57t7j.apps.googleusercontent.com",
              "client_type": 3
            }
          ]
        }
      }
    }
  ],
  "configuration_version": "1"
}